episode,reward,loss,accuracy,steps
0,-9000.0,23.83926598663198,0.086,1000
1,-9000.0,0.06847477011359297,0.095,1000
2,-9000.0,0.0046715433827484954,0.089,1000
3,-9000.0,0.006200747955357656,0.094,1000
4,-9000.0,0.0042746942606172525,0.07,1000
5,-9000.0,0.004902029070188291,0.103,1000
6,-9000.0,0.007112870124052278,0.097,1000
7,-9000.0,0.012179453761316836,0.088,1000
8,-9000.0,0.01125184335821541,0.094,1000
9,-9000.0,0.012878928992198781,0.117,1000
10,-9000.0,0.008619364414538722,0.084,1000
11,-9000.0,0.013429782671155409,0.105,1000
12,-9000.0,0.01034457698254846,0.097,1000
13,-9000.0,0.009560446150833742,0.083,1000
14,-9000.0,0.004866930948570371,0.093,1000
15,-9000.0,0.005171616658451967,0.099,1000
16,-9000.0,0.004108746873680502,0.092,1000
17,-9000.0,0.004435589984990656,0.093,1000
18,-9000.0,0.003569293808366638,0.078,1000
19,-9000.0,0.008893528901971877,0.097,1000
20,-9000.0,0.020135542469099165,0.089,1000
21,-9000.0,64.33985955238668,0.086,1000
22,-9000.0,0.007356063055311097,0.078,1000
23,-9000.0,0.001494551338153542,0.084,1000
24,-9000.0,0.0022787282789940946,0.089,1000
25,-9000.0,0.0022395055393571966,0.093,1000
26,-9000.0,0.0017317593198094984,0.087,1000
27,-9000.0,0.0015585889391077216,0.108,1000
28,-9000.0,0.0011723471564182547,0.085,1000
29,-9000.0,0.0010547435125045012,0.091,1000
30,-9000.0,0.0018007165949966294,0.094,1000
31,-9000.0,0.0015115546784945763,0.09,1000
32,-9000.0,0.0009383255598077085,0.094,1000
33,-9000.0,0.0012539651867700741,0.094,1000
34,-9000.0,0.0007824962270678952,0.089,1000
35,-9000.0,0.0011250511237885803,0.09,1000
36,-9000.0,0.0018553472906933167,0.082,1000
37,-9000.0,0.0026050354807521216,0.089,1000
38,-9000.0,0.0012405323530256282,0.093,1000
39,-9000.0,0.0017378387095523067,0.095,1000
40,-9000.0,0.0024081920780299696,0.097,1000
41,-9000.0,0.004067498403208447,0.082,1000
42,-9000.0,0.0009032132944557816,0.094,1000
43,-9000.0,0.001368710691924207,0.099,1000
44,-9000.0,0.0010718905708636157,0.082,1000
45,-9000.0,0.0015834428644448052,0.104,1000
46,-9000.0,0.0011463411553413608,0.078,1000
47,-9000.0,0.0016201915504352655,0.083,1000
48,-9000.0,0.0024140592047479006,0.099,1000
49,-9000.0,0.002810257913195528,0.072,1000
50,-9000.0,0.003308465855778195,0.088,1000
51,-9000.0,0.0036905204693903214,0.085,1000
52,-9000.0,0.007655892601935193,0.079,1000
53,-9000.0,0.007683553681941703,0.085,1000
54,-9000.0,0.007636364565696567,0.086,1000
55,-9000.0,0.007669876241241581,0.091,1000
56,-9000.0,0.007649073488544673,0.086,1000
57,-9000.0,0.0076686998003860935,0.079,1000
58,-9000.0,0.007844320654287003,0.098,1000
59,-9000.0,0.007753741148160771,0.071,1000
60,-9000.0,0.007724115645047277,0.09,1000
61,-9000.0,0.007748024034779519,0.08,1000
62,-9000.0,0.007735309215844609,0.078,1000
63,-9000.0,0.007749973115394823,0.087,1000
64,-9000.0,0.007737180081312545,0.075,1000
65,-9000.0,0.0077537316802190615,0.092,1000
66,-9000.0,0.007760591997765005,0.074,1000
67,-9000.0,0.0077385736466385425,0.076,1000
68,-9000.0,0.007774798399535939,0.082,1000
69,-9000.0,0.007774034202331677,0.091,1000
70,-9000.0,0.007760058464598842,0.088,1000
71,-9000.0,0.007709464564104564,0.086,1000
72,-9000.0,0.007723114968161099,0.084,1000
73,-9000.0,0.007707988872891292,0.077,1000
74,-9000.0,0.00769166433531791,0.082,1000
75,-9000.0,0.007717802723636851,0.087,1000
76,-9000.0,0.007695629852241837,0.075,1000
77,-9000.0,0.0077043596154544505,0.092,1000
78,-9000.0,0.007696201761369594,0.086,1000
79,-9000.0,0.007703255413915031,0.086,1000
80,-9000.0,0.007699965307838283,0.083,1000
81,-9000.0,0.007710828552371822,0.07,1000
82,-9000.0,0.0077310592194553465,0.089,1000
83,-9000.0,0.0077237500289920715,0.093,1000
84,-9000.0,0.007700054149026982,0.09,1000
85,-9000.0,0.007731212860555388,0.074,1000
86,-9000.0,0.007726268417434767,0.098,1000
87,-9000.0,0.0077095750054577365,0.094,1000
88,-9000.0,0.007722068408387713,0.084,1000
89,-9000.0,0.007704975740169175,0.079,1000
90,-9000.0,0.0077166503091575574,0.072,1000
91,-9000.0,0.007705806020647288,0.091,1000
92,-9000.0,0.007695687188766897,0.086,1000
93,-9000.0,0.007687511442229152,0.099,1000
94,-9000.0,0.007726176267722621,0.088,1000
95,-9000.0,0.007706800205283798,0.095,1000
96,-9000.0,0.007719974264618941,0.086,1000
97,-9000.0,0.007730543195735663,0.084,1000
98,-9000.0,0.007738305576844141,0.084,1000
99,-9000.0,0.007714175162720494,0.079,1000
100,-9000.0,0.007728656916297041,0.083,1000
101,-9000.0,0.007722291671903804,0.09,1000
102,-9000.0,0.007731795663014054,0.078,1000
103,-9000.0,0.00773059965565335,0.107,1000
104,-9000.0,0.0077203121113125234,0.092,1000
105,-9000.0,0.007740626715822145,0.092,1000
106,-9000.0,0.007710551388678141,0.086,1000
107,-9000.0,0.007734778751153499,0.082,1000
108,-9000.0,0.007704249787959271,0.079,1000
109,-9000.0,0.007723235744750127,0.096,1000
110,-9000.0,0.007740686804521829,0.092,1000
111,-9000.0,0.007777774464106187,0.088,1000
112,-9000.0,0.007773218484013342,0.084,1000
113,-9000.0,0.007773828547331505,0.078,1000
114,-9000.0,0.00779286241333466,0.088,1000
115,-9000.0,0.007806386911659502,0.093,1000
116,-9000.0,0.007800735599710606,0.078,1000
117,-9000.0,0.007800215667695738,0.078,1000
118,-9000.0,0.007784217863110825,0.082,1000
119,-9000.0,0.007773707785992883,0.096,1000
120,-9000.0,0.007833891614107415,0.095,1000
121,-9000.0,0.007776512238895521,0.083,1000
122,-9000.0,0.007802043403848075,0.075,1000
123,-9000.0,0.007735656500910409,0.11,1000
124,-9000.0,0.007612240845453926,0.086,1000
125,-9000.0,0.007611382284550928,0.084,1000
126,-9000.0,0.0076360596192535015,0.093,1000
127,-9000.0,0.007669928334071301,0.08,1000
128,-9000.0,0.007674067263375037,0.086,1000
129,-9000.0,0.007646731837419793,0.108,1000
130,-9000.0,0.007658360449247993,0.094,1000
131,-9000.0,0.007686746729421429,0.086,1000
132,-9000.0,0.0076644109825138,0.096,1000
133,-9000.0,0.007642839267267845,0.08,1000
134,-9000.0,0.0076197439485695215,0.084,1000
135,-9000.0,0.007635777387418784,0.081,1000
136,-9000.0,0.007605007181409746,0.09,1000
137,-9000.0,0.007582310530473478,0.072,1000
138,-9000.0,0.0075946821356192235,0.07,1000
139,-9000.0,0.007592786492663436,0.09,1000
140,-9000.0,0.007592529390356504,0.081,1000
141,-9000.0,0.0075970296589657664,0.081,1000
142,-9000.0,0.007581490017590113,0.078,1000
143,-9000.0,0.007572066870401613,0.081,1000
144,-9000.0,0.007574730956810527,0.085,1000
145,-9000.0,0.007575763080851175,0.068,1000
146,-9000.0,0.0075873303137486805,0.08,1000
147,-9000.0,0.007564393680542707,0.066,1000
148,-9000.0,0.007570431241416372,0.08,1000
149,-9000.0,0.007582946698064916,0.081,1000
150,-9000.0,0.0075921457894146446,0.085,1000
151,-9000.0,0.0075815934434067455,0.079,1000
152,-9000.0,0.0075867831065552305,0.073,1000
153,-9000.0,0.007565187869244255,0.066,1000
154,-9000.0,0.007580473773297854,0.073,1000
155,-9000.0,0.007551209641620517,0.098,1000
156,-9000.0,0.007583234244026244,0.086,1000
157,-9000.0,0.007585161898867227,0.087,1000
158,-9000.0,0.007577103979419917,0.078,1000
159,-9000.0,0.007626498451689258,0.068,1000
160,-9000.0,0.007627227974473499,0.087,1000
161,-9000.0,0.007640438570408151,0.071,1000
162,-9000.0,0.007649903150624596,0.086,1000
163,-9000.0,0.007634607784915716,0.075,1000
164,-9000.0,0.00765170315571595,0.072,1000
165,-9000.0,0.007642652960377745,0.085,1000
166,-9000.0,0.007655019881320186,0.086,1000
167,-9000.0,0.007641305060591548,0.093,1000
168,-9000.0,0.007634056031820364,0.103,1000
169,-9000.0,0.007641629215097055,0.077,1000
170,-9000.0,0.007662127482588403,0.081,1000
171,-9000.0,0.007667998729506508,0.079,1000
172,-9000.0,0.007660602681804449,0.097,1000
173,-9000.0,0.007653851105598733,0.083,1000
174,-9000.0,0.0076793125898111615,0.088,1000
175,-9000.0,0.007675275732181035,0.083,1000
176,-9000.0,0.0076978215599665415,0.086,1000
177,-9000.0,0.007759286650689319,0.087,1000
178,-9000.0,0.007780082129174843,0.074,1000
179,-9000.0,0.00778093493625056,0.091,1000
180,-9000.0,0.007791699288762175,0.084,1000
181,-9000.0,0.007773184526944533,0.07,1000
182,-9000.0,0.007784272521035746,0.088,1000
183,-9000.0,0.007781395086552948,0.091,1000
184,-9000.0,0.0077750240931054575,0.069,1000
185,-9000.0,0.0077819265424041075,0.081,1000
186,-9000.0,0.007790287030860782,0.091,1000
187,-9000.0,0.007648180513991974,0.072,1000
188,-9000.0,0.00765490505984053,0.073,1000
189,-9000.0,0.007636859610676765,0.083,1000
190,-9000.0,0.007630305664031767,0.077,1000
191,-9000.0,0.00763709897431545,0.065,1000
192,-9000.0,0.007649950201739557,0.093,1000
193,-9000.0,0.007647857738891616,0.066,1000
194,-9000.0,0.007669879869208671,0.106,1000
195,-9000.0,0.007659522436209955,0.089,1000
196,-9000.0,0.007678777643945068,0.088,1000
197,-9000.0,0.007668733942904509,0.07,1000
198,-9000.0,0.007665709732333198,0.08,1000
199,-9000.0,0.007666937894537113,0.077,1000
200,-9000.0,0.007664472942822613,0.084,1000
201,-9000.0,0.007659253543359228,0.095,1000
202,-9000.0,0.007577699498622678,0.089,1000
203,-9000.0,0.007612229355960153,0.092,1000
204,-9000.0,0.007592750016483478,0.09,1000
205,-9000.0,0.007578138358192518,0.107,1000
206,-9000.0,0.007567049173288979,0.081,1000
207,-9000.0,0.007575546440202743,0.061,1000
208,-9000.0,0.007572609041584656,0.08,1000
209,-9000.0,0.007529202601639554,0.092,1000
210,-9000.0,0.007582767367945053,0.093,1000
211,-9000.0,0.007557487039943226,0.099,1000
212,-9000.0,0.007569820691947825,0.087,1000
213,-9000.0,0.007555230283178389,0.077,1000
214,-9000.0,0.007561754234135151,0.08,1000
215,-9000.0,0.007541437323554419,0.079,1000
216,-9000.0,0.0075145460433559495,0.08,1000
217,-9000.0,0.0075264502480858935,0.066,1000
218,-9000.0,0.00752022563747596,0.085,1000
219,-9000.0,0.007540676748147234,0.075,1000
220,-9000.0,0.007530918808304705,0.09,1000
221,-9000.0,0.007524886065046303,0.08,1000
222,-9000.0,0.0075642580699641256,0.083,1000
223,-9000.0,0.0075264522910583765,0.081,1000
224,-9000.0,0.007557375612552278,0.089,1000
225,-9000.0,0.0075483860226813705,0.081,1000
226,-9000.0,0.007565743947867304,0.097,1000
227,-9000.0,0.007563741719932296,0.089,1000
228,-9000.0,0.007562687007593922,0.077,1000
229,-9000.0,0.007585375432041474,0.066,1000
230,-9000.0,0.007564488413976505,0.072,1000
231,-9000.0,0.007569595312816091,0.076,1000
232,-9000.0,0.007562567594111897,0.068,1000
233,-9000.0,0.007566949655418285,0.09,1000
234,-9000.0,0.007565818325965665,0.064,1000
235,-9000.0,0.00757242397533264,0.106,1000
236,-9000.0,0.007560885582584888,0.078,1000
237,-9000.0,0.0075702727799071,0.08,1000
238,-9000.0,0.0075629325154004615,0.077,1000
239,-9000.0,0.007584270443301648,0.083,1000
240,-9000.0,0.007575229275622405,0.072,1000
241,-9000.0,0.00756729962490499,0.071,1000
242,-9000.0,0.007587014289340005,0.084,1000
243,-9000.0,0.007618295919150114,0.071,1000
244,-9000.0,0.007611594459391199,0.089,1000
245,-9000.0,0.007618716278579086,0.068,1000
246,-9000.0,0.007626618743641302,0.085,1000
247,-9000.0,0.0076183843453181905,0.08,1000
248,-9000.0,0.0076286986147752036,0.099,1000
249,-9000.0,0.007626297039212659,0.084,1000
250,-9000.0,0.007609156465507113,0.073,1000
251,-9000.0,0.007602810611017048,0.088,1000
252,-9000.0,0.007584030821803026,0.083,1000
253,-9000.0,0.0075077767949551346,0.093,1000
254,-9000.0,0.00753315552289132,0.067,1000
255,-9000.0,0.007536687874933705,0.086,1000
256,-9000.0,0.007529427079134621,0.074,1000
257,-9000.0,0.007543096693581901,0.056,1000
258,-9000.0,0.007565412920434028,0.085,1000
259,-9000.0,0.007575696663581767,0.083,1000
260,-9000.0,0.007562515377881936,0.085,1000
261,-9000.0,0.007557569121941924,0.088,1000
262,-9000.0,0.007564917660783976,0.071,1000
263,-9000.0,0.007573626853176392,0.06,1000
264,-9000.0,0.007558055969420821,0.081,1000
265,-9000.0,0.007573852801928297,0.077,1000
266,-9000.0,0.007551615685457364,0.097,1000
267,-9000.0,0.007537339740199968,0.095,1000
268,-9000.0,0.007483139902935363,0.089,1000
269,-9000.0,0.007488637827918865,0.092,1000
270,-9000.0,0.007508867265889421,0.074,1000
271,-9000.0,0.007486661531263962,0.077,1000
272,-9000.0,0.007483449519611895,0.067,1000
273,-9000.0,0.007470298930304125,0.074,1000
274,-9000.0,0.007441472501377575,0.075,1000
275,-9000.0,0.007451150566572323,0.074,1000
276,-9000.0,0.00745686880860012,0.077,1000
277,-9000.0,0.007457378379884176,0.084,1000
278,-9000.0,0.007462434424087405,0.08,1000
279,-9000.0,0.007451831307495013,0.099,1000
280,-9000.0,0.007447762179770507,0.066,1000
281,-9000.0,0.007458159834728576,0.073,1000
282,-9000.0,0.00743327231251169,0.087,1000
283,-9000.0,0.007443281473708339,0.084,1000
284,-9000.0,0.0074748763642273845,0.089,1000
285,-9000.0,0.007454795557423495,0.083,1000
286,-9000.0,0.007468600997934118,0.078,1000
287,-9000.0,0.00745560537581332,0.088,1000
288,-9000.0,0.00746845684305299,0.091,1000
289,-9000.0,0.007456571080023423,0.09,1000
290,-9000.0,0.0075179107905132695,0.085,1000
291,-9000.0,0.007577952528255992,0.085,1000
292,-9000.0,0.007579807664267719,0.084,1000
293,-9000.0,0.007573654736857861,0.092,1000
294,-9000.0,0.007594047103775665,0.08,1000
295,-9000.0,0.007582027787575499,0.088,1000
296,-9000.0,0.007584047456737608,0.085,1000
297,-9000.0,0.00757787151390221,0.066,1000
298,-9000.0,0.007557087727822364,0.089,1000
299,-9000.0,0.007574416875606403,0.088,1000
300,-9000.0,0.007572206790209748,0.088,1000
301,-9000.0,0.0076293932184344155,0.089,1000
302,-9000.0,0.007597051360993646,0.082,1000
303,-9000.0,0.007731227231328376,0.077,1000
304,-9000.0,0.007752798105124384,0.088,1000
305,-9000.0,0.007782947706291452,0.083,1000
306,-9000.0,0.007767044711159543,0.095,1000
307,-9000.0,0.007779032251681201,0.081,1000
308,-9000.0,0.007949016875470989,0.079,1000
309,-9000.0,0.007950110708363354,0.073,1000
310,-9000.0,0.007807480704621412,0.076,1000
311,-9000.0,0.007715642948402092,0.097,1000
312,-9000.0,0.007718585186870769,0.071,1000
313,-9000.0,0.007709228942752816,0.082,1000
314,-9000.0,0.007731541471672244,0.082,1000
315,-9000.0,0.007825517944642342,0.079,1000
316,-9000.0,0.007838848090381361,0.085,1000
317,-9000.0,0.007804723402834497,0.076,1000
318,-9000.0,0.007797829312388785,0.081,1000
319,-9000.0,0.007755910900654271,0.089,1000
320,-9000.0,0.007779447073698975,0.093,1000
321,-9000.0,0.007766472648014314,0.084,1000
322,-9000.0,0.00777023887145333,0.074,1000
323,-9000.0,0.00777858858788386,0.085,1000
324,-9000.0,0.007798803477664478,0.073,1000
325,-9000.0,0.007782155421911739,0.085,1000
326,-9000.0,0.007797952288528904,0.096,1000
327,-9000.0,0.007784806493204087,0.064,1000
328,-9000.0,0.007761136902263388,0.077,1000
329,-9000.0,0.007780862073996104,0.069,1000
330,-9000.0,0.00777393848344218,0.08,1000
331,-9000.0,0.007777074614190496,0.07,1000
332,-9000.0,0.007750782221672125,0.087,1000
333,-9000.0,0.007708193826605566,0.074,1000
334,-9000.0,0.007718540355446749,0.101,1000
335,-9000.0,0.007745209730928764,0.094,1000
336,-9000.0,0.0077113784218672664,0.08,1000
337,-9000.0,0.007730631390586495,0.075,1000
338,-9000.0,0.0077180627078050745,0.077,1000
339,-9000.0,0.007714322113548405,0.077,1000
340,-9000.0,0.0077130612788023425,0.084,1000
341,-9000.0,0.007750058947596699,0.085,1000
342,-9000.0,0.007735285324044525,0.079,1000
343,-9000.0,0.007732327137375251,0.081,1000
344,-9000.0,0.007730433927732519,0.094,1000
345,-9000.0,0.007737829745630733,0.101,1000
346,-9000.0,0.007738522153813392,0.09,1000
347,-9000.0,0.0077196940118446945,0.091,1000
348,-9000.0,0.007725256975390948,0.1,1000
349,-9000.0,0.007727325914893299,0.087,1000
350,-9000.0,0.00774400708754547,0.067,1000
351,-9000.0,0.007720359942410141,0.085,1000
352,-9000.0,0.007740464591071941,0.092,1000
353,-9000.0,0.0077219451995333655,0.076,1000
354,-9000.0,0.007744023379869759,0.074,1000
355,-9000.0,0.007738819166901521,0.1,1000
356,-9000.0,0.007797666307189502,0.074,1000
357,-9000.0,0.007789255129988305,0.064,1000
358,-9000.0,0.007841467971098609,0.08,1000
359,-9000.0,0.007800431804964319,0.087,1000
360,-9000.0,0.007810015905997716,0.064,1000
361,-9000.0,0.007796209028339945,0.074,1000
362,-9000.0,0.007806711617857218,0.077,1000
363,-9000.0,0.007793445606250316,0.074,1000
364,-9000.0,0.007823965117218903,0.101,1000
365,-9000.0,0.00783173101337161,0.091,1000
366,-9000.0,0.00781799783895258,0.077,1000
367,-9000.0,0.007824300982989372,0.083,1000
368,-9000.0,0.007800072269397788,0.079,1000
369,-9000.0,0.007828139922581613,0.09,1000
370,-9000.0,0.007807321049040183,0.083,1000
371,-9000.0,0.007847738687181846,0.086,1000
372,-9000.0,0.007847715468960815,0.076,1000
373,-9000.0,0.007891288605635054,0.072,1000
374,-9000.0,0.007890160237904637,0.086,1000
375,-9000.0,0.007877365184482187,0.068,1000
376,-9000.0,0.007898146368097514,0.073,1000
377,-9000.0,0.007890798333333806,0.096,1000
378,-9000.0,0.007894556847866625,0.07,1000
379,-9000.0,0.007895461591542698,0.073,1000
380,-9000.0,0.007903834418044426,0.073,1000
381,-9000.0,0.00788918050529901,0.105,1000
382,-9000.0,0.00792492916889023,0.072,1000
383,-9000.0,0.007877802565693856,0.075,1000
384,-9000.0,0.007812984952004626,0.091,1000
385,-9000.0,0.007808262342121452,0.079,1000
386,-9000.0,0.007833045543637127,0.095,1000
387,-9000.0,0.007806552635272965,0.085,1000
388,-9000.0,0.007825163991190494,0.068,1000
389,-9000.0,0.007809247870813124,0.08,1000
390,-9000.0,0.007776237648795359,0.089,1000
391,-9000.0,0.0077006735753966495,0.073,1000
392,-9000.0,0.007685839364188723,0.076,1000
393,-9000.0,0.007696468976675533,0.08,1000
394,-9000.0,0.007673626637319103,0.094,1000
395,-9000.0,0.007696601235191338,0.076,1000
396,-9000.0,0.007690900055225939,0.106,1000
397,-9000.0,0.0076675741168437525,0.083,1000
398,-9000.0,0.007701968676992692,0.091,1000
399,-9000.0,0.007630678547779098,0.084,1000
400,-9000.0,0.0076465627942234275,0.089,1000
401,-9000.0,0.0076549287392990665,0.073,1000
402,-9000.0,0.007631928130867891,0.086,1000
403,-9000.0,0.007647019440541044,0.096,1000
404,-9000.0,0.007643096466315911,0.086,1000
405,-9000.0,0.007645775399985723,0.081,1000
406,-9000.0,0.007651107788900845,0.077,1000
407,-9000.0,0.0076462703642901034,0.086,1000
408,-9000.0,0.007656913016340696,0.089,1000
409,-9000.0,0.00763874309300445,0.089,1000
410,-9000.0,0.007677244178019464,0.079,1000
411,-9000.0,0.007631376238772645,0.077,1000
412,-9000.0,0.007679762330022641,0.081,1000
413,-9000.0,0.007665693032788113,0.083,1000
414,-9000.0,0.007688746247324161,0.086,1000
415,-9000.0,0.00769432202167809,0.064,1000
416,-9000.0,0.007692961148568429,0.073,1000
417,-9000.0,0.007681352536776103,0.098,1000
418,-9000.0,0.007662145746988244,0.075,1000
419,-9000.0,0.007670425699441694,0.092,1000
420,-9000.0,0.007660955263883807,0.086,1000
421,-9000.0,0.007695011446950957,0.093,1000
422,-9000.0,0.007738260582904331,0.072,1000
423,-9000.0,0.007730154773569666,0.083,1000
424,-9000.0,0.007735271130688489,0.07,1000
425,-9000.0,0.007744602250400931,0.061,1000
426,-9000.0,0.007725089838844724,0.084,1000
427,-9000.0,0.007749448848888278,0.079,1000
428,-9000.0,0.007720044801128097,0.086,1000
429,-9000.0,0.007744638194679283,0.074,1000
430,-9000.0,0.00773576823680196,0.097,1000
431,-9000.0,0.007728544890880585,0.085,1000
432,-9000.0,0.007754674265859649,0.086,1000
433,-9000.0,0.007762601450900547,0.095,1000
434,-9000.0,0.007769675193587318,0.084,1000
435,-9000.0,0.007733795916195959,0.078,1000
436,-9000.0,0.006650465411308687,0.079,1000
437,-9000.0,0.0025154270954080857,0.094,1000
438,-9000.0,0.003095269926881883,0.078,1000
439,-9000.0,0.003387162266939413,0.096,1000
440,-9000.0,0.00372081705625169,0.106,1000
441,-9000.0,0.00344131260109134,0.081,1000
442,-9000.0,0.0023131750314787495,0.085,1000
443,-9000.0,0.004490300574805588,0.102,1000
444,-9000.0,0.0034369565363740547,0.078,1000
445,-9000.0,0.0027267528053198475,0.104,1000
446,-9000.0,0.00454585787281394,0.064,1000
447,-9000.0,0.004811907890427392,0.088,1000
448,-9000.0,0.0038344705679919573,0.101,1000
449,-9000.0,0.0033264165667351337,0.076,1000
450,-9000.0,0.003667300601140596,0.099,1000
451,-9000.0,0.0029099954839621207,0.081,1000
452,-9000.0,0.0016737688248977065,0.08,1000
453,-9000.0,0.003656358197215013,0.092,1000
454,-9000.0,0.004684249741665553,0.095,1000
455,-9000.0,0.004753784549015108,0.09,1000
456,-9000.0,0.009922390479478054,0.095,1000
457,-9000.0,0.006296633164864033,0.087,1000
458,-9000.0,0.0035786926824075637,0.095,1000
459,-9000.0,0.002111825096188113,0.099,1000
460,-9000.0,0.00204927743630833,0.093,1000
461,-9000.0,0.0023103700373030733,0.085,1000
462,-9000.0,0.011151270724018104,0.1,1000
463,-9000.0,0.002179600292816758,0.089,1000
464,-9000.0,0.004207048306299839,0.08,1000
465,-9000.0,0.007595161622739397,0.092,1000
466,-9000.0,0.010618394947639899,0.116,1000
467,-9000.0,0.011917804356431588,0.118,1000
468,-9000.0,0.008778383963712258,0.093,1000
469,-9000.0,0.006246115001966246,0.102,1000
470,-9000.0,0.006436938994098454,0.093,1000
471,-9000.0,0.0049270357836503536,0.093,1000
472,-9000.0,0.018245175167394337,0.107,1000
473,-9000.0,0.029325772808631884,0.112,1000
474,-9000.0,0.029059670545626432,0.123,1000
475,-9000.0,0.028902968477457762,0.117,1000
476,-9000.0,0.028953549006022514,0.101,1000
477,-9000.0,0.028906023786636068,0.119,1000
478,-9000.0,0.02896597194322385,0.114,1000
479,-9000.0,0.02907510462915525,0.116,1000
480,-9000.0,0.02902808159473352,0.126,1000
481,-9000.0,0.02893484553415328,0.102,1000
482,-9000.0,0.028880403608549387,0.117,1000
483,-9000.0,0.028832365673035383,0.114,1000
484,-9000.0,0.028854070222005247,0.092,1000
485,-9000.0,0.02894640815583989,0.115,1000
486,-9000.0,0.02885916442167945,0.11,1000
487,-9000.0,0.028902346316492186,0.101,1000
488,-9000.0,0.028931399820838123,0.124,1000
489,-9000.0,0.028931614604778586,0.114,1000
490,-9000.0,0.028994588798610492,0.12,1000
491,-9000.0,0.029008526530116797,0.114,1000
492,-9000.0,0.02894998187106103,0.116,1000
493,-9000.0,0.028963978005573154,0.113,1000
494,-9000.0,0.02898293162044138,0.116,1000
495,-9000.0,0.02894339049095288,0.109,1000
496,-9000.0,0.02893579601473175,0.107,1000
497,-9000.0,0.028925036636646837,0.104,1000
498,-9000.0,0.028916406410280614,0.117,1000
499,-9000.0,0.028930957133881746,0.122,1000
500,-9000.0,0.02904139725235291,0.112,1000
501,-9000.0,0.029014378755586222,0.124,1000
502,-9000.0,0.02897875565895811,0.123,1000
503,-9000.0,0.02886692883516662,0.123,1000
504,-9000.0,0.028863434919156133,0.102,1000
505,-9000.0,0.02891455649747513,0.131,1000
506,-9000.0,0.028867312150541693,0.106,1000
507,-9000.0,0.028871941834455357,0.108,1000
508,-9000.0,0.02898397366050631,0.124,1000
509,-9000.0,0.028944926145253704,0.105,1000
510,-9000.0,0.028970783238997683,0.117,1000
511,-9000.0,0.028993046614341437,0.107,1000
512,-9000.0,0.02895668915263377,0.096,1000
513,-9000.0,0.028956109969643876,0.11,1000
514,-9000.0,0.02893625580542721,0.104,1000
515,-9000.0,0.029003621049923822,0.113,1000
516,-9000.0,0.029011163361603393,0.107,1000
517,-9000.0,0.02900171299139038,0.118,1000
518,-9000.0,0.029062861596234144,0.127,1000
519,-9000.0,0.0290408106893301,0.135,1000
520,-9000.0,0.02902928594639525,0.114,1000
521,-9000.0,0.029029334645019843,0.111,1000
522,-9000.0,0.02907800307078287,0.119,1000
523,-9000.0,0.029045067518716678,0.114,1000
524,-9000.0,0.028936998975928874,0.086,1000
525,-9000.0,0.02901590400072746,0.096,1000
526,-9000.0,0.029031648008851333,0.119,1000
527,-9000.0,0.0290827384442091,0.106,1000
528,-9000.0,0.02902963722590357,0.115,1000
529,-9000.0,0.029053245960036292,0.102,1000
530,-9000.0,0.029132344219600783,0.121,1000
531,-9000.0,0.029081869383109735,0.101,1000
532,-9000.0,0.029091895689256488,0.124,1000
533,-9000.0,0.02899530439893715,0.12,1000
534,-9000.0,0.029048050925601275,0.113,1000
535,-9000.0,0.029038274053717034,0.122,1000
536,-9000.0,0.029040004359092562,0.101,1000
537,-9000.0,0.0290449004243128,0.123,1000
538,-9000.0,0.029141890552826226,0.105,1000
539,-9000.0,0.028995141612831503,0.11,1000
540,-9000.0,0.029037953283172102,0.105,1000
541,-9000.0,0.028946420417167246,0.121,1000
542,-9000.0,0.02899197064898908,0.118,1000
543,-9000.0,0.028921401880914344,0.114,1000
544,-9000.0,0.0289435446227435,0.114,1000
545,-9000.0,0.028966972197871654,0.127,1000
546,-9000.0,0.028883491903776305,0.106,1000
547,-9000.0,0.028844298495911063,0.114,1000
548,-9000.0,0.02896916648070328,0.108,1000
549,-9000.0,0.02890837213676423,0.108,1000
550,-9000.0,0.029148951459908857,0.134,1000
551,-9000.0,0.028910554690053686,0.11,1000
552,-9000.0,0.028961783881066367,0.105,1000
553,-9000.0,0.02890262312302366,0.118,1000
554,-9000.0,0.028912932469043882,0.119,1000
555,-9000.0,0.02896909197443165,0.139,1000
556,-9000.0,0.02900907128409017,0.125,1000
557,-9000.0,0.028938049847492948,0.119,1000
558,-9000.0,0.029121651666006075,0.103,1000
559,-9000.0,0.02900969274737872,0.133,1000
560,-9000.0,0.028989865433191882,0.11,1000
561,-9000.0,0.02896370259206742,0.098,1000
562,-9000.0,0.029055585032794623,0.127,1000
563,-9000.0,0.028994410667335616,0.112,1000
564,-9000.0,0.029054005288751798,0.113,1000
565,-9000.0,0.028977998987073077,0.106,1000
566,-9000.0,0.028995027149678207,0.115,1000
567,-9000.0,0.02901648126868531,0.12,1000
568,-9000.0,0.029061150076100602,0.122,1000
569,-9000.0,0.029034636481199413,0.12,1000
570,-9000.0,0.02903377549443394,0.119,1000
571,-9000.0,0.028936315500410273,0.093,1000
572,-9000.0,0.028952683707000687,0.106,1000
573,-9000.0,0.028890796827618033,0.125,1000
574,-9000.0,0.02895339523034636,0.097,1000
575,-9000.0,0.028923465788830073,0.123,1000
576,-9000.0,0.028943976781563834,0.122,1000
577,-9000.0,0.02900821062736213,0.111,1000
578,-9000.0,0.029008191615575926,0.125,1000
579,-9000.0,0.028860445990459994,0.126,1000
580,-9000.0,0.02890159181179479,0.113,1000
581,-9000.0,0.02885266173700802,0.1,1000
582,-9000.0,0.02890443262946792,0.124,1000
583,-9000.0,0.028818755819229408,0.112,1000
584,-9000.0,0.02893029631499667,0.112,1000
585,-9000.0,0.02892782358324621,0.119,1000
586,-9000.0,0.028911493056686596,0.145,1000
587,-9000.0,0.028986284244223497,0.106,1000
588,-9000.0,0.0289993347118143,0.129,1000
589,-9000.0,0.028907911045476794,0.115,1000
590,-9000.0,0.028967498062411324,0.107,1000
591,-9000.0,0.029001893518026917,0.108,1000
592,-9000.0,0.02897267201624345,0.124,1000
593,-9000.0,0.028957567650475538,0.106,1000
594,-9000.0,0.028926634518429636,0.118,1000
595,-9000.0,0.029021072811330668,0.1,1000
596,-9000.0,0.028989555996377023,0.12,1000
597,-9000.0,0.02893852478149347,0.112,1000
598,-9000.0,0.028998181210015902,0.123,1000
599,-9000.0,0.02899053230078425,0.106,1000
600,-9000.0,0.029054152994882315,0.123,1000
601,-9000.0,0.028952095159445888,0.112,1000
602,-9000.0,0.028933970575919375,0.112,1000
603,-9000.0,0.02899840308027342,0.119,1000
604,-9000.0,0.029085030640824697,0.115,1000
605,-9000.0,0.028995287207188084,0.127,1000
606,-9000.0,0.029103778711054473,0.11,1000
607,-9000.0,0.029128244625637307,0.122,1000
608,-9000.0,0.029130053897039033,0.105,1000
609,-9000.0,0.029132228031521663,0.117,1000
610,-9000.0,0.029127725538099183,0.124,1000
611,-9000.0,0.02913127012900077,0.112,1000
612,-9000.0,0.02917914793686941,0.102,1000
613,-9000.0,0.029157646529260093,0.12,1000
614,-9000.0,0.029167008353862912,0.12,1000
615,-9000.0,0.029204524657689034,0.119,1000
616,-9000.0,0.029258464485872538,0.106,1000
617,-9000.0,0.029240539113292472,0.111,1000
618,-9000.0,0.029217332697706298,0.107,1000
619,-9000.0,0.029171805484918878,0.111,1000
620,-9000.0,0.02927647124044597,0.107,1000
621,-9000.0,0.029125044614542274,0.13,1000
622,-9000.0,0.02910943051520735,0.117,1000
623,-9000.0,0.02910115790250711,0.12,1000
624,-9000.0,0.029120127602480353,0.099,1000
625,-9000.0,0.029188411807408558,0.123,1000
626,-9000.0,0.029125548095442353,0.104,1000
627,-9000.0,0.029095935612451284,0.126,1000
628,-9000.0,0.029059726054547354,0.129,1000
629,-9000.0,0.029130616952199487,0.125,1000
630,-9000.0,0.029223425105330533,0.108,1000
631,-9000.0,0.02915238063246943,0.127,1000
632,-9000.0,0.029157268959796055,0.097,1000
633,-9000.0,0.029185658367350698,0.128,1000
634,-9000.0,0.029188191736582665,0.107,1000
635,-9000.0,0.029172172395745294,0.111,1000
636,-9000.0,0.029178674936993047,0.124,1000
637,-9000.0,0.02916904889792204,0.111,1000
638,-9000.0,0.02922047231066972,0.118,1000
639,-9000.0,0.029168646525824442,0.115,1000
640,-9000.0,0.029269031709292903,0.097,1000
641,-9000.0,0.029209974427241832,0.105,1000
642,-9000.0,0.029204282622085884,0.118,1000
643,-9000.0,0.029215020180679858,0.113,1000
644,-9000.0,0.0292114894897677,0.104,1000
645,-9000.0,0.02921844536648132,0.105,1000
646,-9000.0,0.029165993658360093,0.096,1000
647,-9000.0,0.029197239038301633,0.114,1000
648,-9000.0,0.02919344120216556,0.115,1000
649,-9000.0,0.02913044429360889,0.117,1000
650,-9000.0,0.029229610990500077,0.105,1000
651,-9000.0,0.02913968171959277,0.111,1000
652,-9000.0,0.029219213917618617,0.12,1000
653,-9000.0,0.029133749157190324,0.116,1000
654,-9000.0,0.02907756409503054,0.105,1000
655,-9000.0,0.029090055613080038,0.107,1000
656,-9000.0,0.02907302094809711,0.122,1000
657,-9000.0,0.029048547762213276,0.118,1000
658,-9000.0,0.02903571710945107,0.107,1000
659,-9000.0,0.028965142356115393,0.104,1000
660,-9000.0,0.029016889814985916,0.127,1000
661,-9000.0,0.029037218210753054,0.122,1000
662,-9000.0,0.029034807287622245,0.117,1000
663,-9000.0,0.029044848752673717,0.125,1000
664,-9000.0,0.028995663635781967,0.116,1000
665,-9000.0,0.02902512200153433,0.138,1000
666,-9000.0,0.029019478566013276,0.109,1000
667,-9000.0,0.029056983967660925,0.121,1000
668,-9000.0,0.02901560121437069,0.114,1000
669,-9000.0,0.02909735897963401,0.122,1000
670,-9000.0,0.029159234242397362,0.113,1000
671,-9000.0,0.02918800022371579,0.131,1000
672,-9000.0,0.029222998966812155,0.135,1000
673,-9000.0,0.029024234803160652,0.128,1000
674,-9000.0,0.029134787783375943,0.118,1000
675,-9000.0,0.02922154763271101,0.114,1000
676,-9000.0,0.029170581607846545,0.097,1000
677,-9000.0,0.029122865940094927,0.121,1000
678,-9000.0,0.02927334898803383,0.129,1000
679,-9000.0,0.02917685645783786,0.109,1000
680,-9000.0,0.02921647493040655,0.1,1000
681,-9000.0,0.029203574083279817,0.118,1000
682,-9000.0,0.029142149748047814,0.125,1000
683,-9000.0,0.02911283031408675,0.115,1000
684,-9000.0,0.029030909717082977,0.106,1000
685,-9000.0,0.029137950791278854,0.122,1000
686,-9000.0,0.029139242380857466,0.108,1000
687,-9000.0,0.02923541970946826,0.105,1000
688,-9000.0,0.02925533121440094,0.106,1000
689,-9000.0,0.029050208222004586,0.121,1000
690,-9000.0,0.029008690272574314,0.094,1000
691,-9000.0,0.029097846221644432,0.106,1000
692,-9000.0,0.0291321756899124,0.117,1000
693,-9000.0,0.02904939072439447,0.135,1000
694,-9000.0,0.02914277375221718,0.097,1000
695,-9000.0,0.029166048492188564,0.112,1000
696,-9000.0,0.029140138223650865,0.117,1000
697,-9000.0,0.029106327365501783,0.104,1000
698,-9000.0,0.029146137018688022,0.119,1000
699,-9000.0,0.02920116777019575,0.102,1000
700,-9000.0,0.029271321216830983,0.121,1000
701,-9000.0,0.029123574053985066,0.103,1000
702,-9000.0,0.02919590683840215,0.115,1000
703,-9000.0,0.029171691842493602,0.13,1000
704,-9000.0,0.029176108547486364,0.119,1000
705,-9000.0,0.02915241712378338,0.108,1000
706,-9000.0,0.029274453309946692,0.113,1000
707,-9000.0,0.029247618353925645,0.129,1000
708,-9000.0,0.029220991361187772,0.121,1000
709,-9000.0,0.02913419575127773,0.115,1000
710,-9000.0,0.029260625354247168,0.115,1000
711,-9000.0,0.029187033750116824,0.11,1000
712,-9000.0,0.029163875102996825,0.115,1000
713,-9000.0,0.029207661166670732,0.122,1000
714,-9000.0,0.02924378336186055,0.112,1000
715,-9000.0,0.029156105083413424,0.108,1000
716,-9000.0,0.029207557444111444,0.109,1000
717,-9000.0,0.029192833550390786,0.131,1000
718,-9000.0,0.029241895522689448,0.089,1000
719,-9000.0,0.029176975751528517,0.125,1000
720,-9000.0,0.029195177152054386,0.131,1000
721,-9000.0,0.029273923909524456,0.121,1000
722,-9000.0,0.029205232565291225,0.12,1000
723,-9000.0,0.02914376609318424,0.111,1000
724,-9000.0,0.02917435336508788,0.129,1000
725,-9000.0,0.029118964303168467,0.114,1000
726,-9000.0,0.02920667578652501,0.115,1000
727,-9000.0,0.029313233003835194,0.111,1000
728,-9000.0,0.029282157568959518,0.141,1000
729,-9000.0,0.02929162435582839,0.111,1000
730,-9000.0,0.029267870619660245,0.12,1000
731,-9000.0,0.029197061763959937,0.096,1000
732,-9000.0,0.02926695177471265,0.137,1000
733,-9000.0,0.029230842689285056,0.12,1000
734,-9000.0,0.02915881876577623,0.121,1000
735,-9000.0,0.029211223165271805,0.099,1000
736,-9000.0,0.029201340099796653,0.103,1000
737,-9000.0,0.02917170975240879,0.123,1000
738,-9000.0,0.029207566469791345,0.111,1000
739,-9000.0,0.029192295479006133,0.119,1000
740,-9000.0,0.02934081409079954,0.126,1000
741,-9000.0,0.029216673709917814,0.117,1000
742,-9000.0,0.02933615803869907,0.124,1000
743,-9000.0,0.029338156177895144,0.145,1000
744,-9000.0,0.029260798766743392,0.115,1000
745,-9000.0,0.029273744023637846,0.115,1000
746,-9000.0,0.02923743576707784,0.111,1000
747,-9000.0,0.029334010190563278,0.098,1000
748,-9000.0,0.02927591767325066,0.122,1000
749,-9000.0,0.02925819067086559,0.116,1000
750,-9000.0,0.02930841111310292,0.1,1000
751,-9000.0,0.029336601462913676,0.106,1000
752,-9000.0,0.029294932545395568,0.126,1000
753,-9000.0,0.029251690931734627,0.13,1000
754,-9000.0,0.02939909952413291,0.108,1000
755,-9000.0,0.02934514720842708,0.117,1000
756,-9000.0,0.029278769992524756,0.106,1000
757,-9000.0,0.029188185273087582,0.132,1000
758,-9000.0,0.029343837873777374,0.109,1000
759,-9000.0,0.029233294479898177,0.105,1000
760,-9000.0,0.029376574375201015,0.12,1000
761,-9000.0,0.029302141356980428,0.102,1000
762,-9000.0,0.029374068138888106,0.106,1000
763,-9000.0,0.029308845879626462,0.124,1000
764,-9000.0,0.029262415437726303,0.11,1000
765,-9000.0,0.02933757479605265,0.091,1000
766,-9000.0,0.02933175675664097,0.121,1000
767,-9000.0,0.02927613559202291,0.122,1000
768,-9000.0,0.029323111185687593,0.109,1000
769,-9000.0,0.029332543882657772,0.135,1000
770,-9000.0,0.029371938421740195,0.127,1000
771,-9000.0,0.02932557086867746,0.108,1000
772,-9000.0,0.029455167832318694,0.114,1000
773,-9000.0,0.029430434976588003,0.112,1000
774,-9000.0,0.029432432469329795,0.101,1000
775,-9000.0,0.029429967159987427,0.102,1000
776,-9000.0,0.029374505280982705,0.125,1000
777,-9000.0,0.029341205679811536,0.121,1000
778,-9000.0,0.02953125405497849,0.114,1000
779,-9000.0,0.029444842181168496,0.116,1000
780,-9000.0,0.02941330613521859,0.122,1000
781,-9000.0,0.029389277256792412,0.125,1000
782,-9000.0,0.029379701666068285,0.105,1000
783,-9000.0,0.02935771281225607,0.108,1000
784,-9000.0,0.029357475608354434,0.104,1000
785,-9000.0,0.02930914573208429,0.12,1000
786,-9000.0,0.0293516975203529,0.119,1000
787,-9000.0,0.029404469477944076,0.112,1000
788,-9000.0,0.02940396259550471,0.112,1000
789,-9000.0,0.029326818404719235,0.12,1000
790,-9000.0,0.02938039908721112,0.12,1000
791,-9000.0,0.029421424912987278,0.11,1000
792,-9000.0,0.02940764327486977,0.13,1000
793,-9000.0,0.029326950497110375,0.134,1000
794,-9000.0,0.029298987374873832,0.097,1000
795,-9000.0,0.029348880262579768,0.107,1000
796,-9000.0,0.029249737946083768,0.119,1000
797,-9000.0,0.029284661990823226,0.114,1000
798,-9000.0,0.029291581239784138,0.119,1000
799,-9000.0,0.029302398982690648,0.121,1000
800,-9000.0,0.0292554310974665,0.081,1000
801,-9000.0,0.02920567475131247,0.111,1000
802,-9000.0,0.029278131003607995,0.129,1000
803,-9000.0,0.029217751988209785,0.118,1000
804,-9000.0,0.02923478488624096,0.131,1000
805,-9000.0,0.02924881729646586,0.124,1000
806,-9000.0,0.029346287692082116,0.131,1000
807,-9000.0,0.029319175003562122,0.138,1000
808,-9000.0,0.029391500423313118,0.116,1000
809,-9000.0,0.029399600876844487,0.119,1000
810,-9000.0,0.02944158574566245,0.106,1000
811,-9000.0,0.029393583181547,0.129,1000
812,-9000.0,0.029448891948210074,0.113,1000
813,-9000.0,0.029363876092247665,0.137,1000
814,-9000.0,0.029368827210739256,0.125,1000
815,-9000.0,0.029330757652642207,0.125,1000
816,-9000.0,0.02937661616841797,0.091,1000
817,-9000.0,0.029310623658355326,0.126,1000
818,-9000.0,0.029355911449179983,0.114,1000
819,-9000.0,0.029324280737899243,0.114,1000
820,-9000.0,0.029412309907143934,0.113,1000
821,-9000.0,0.029356050897855313,0.115,1000
822,-9000.0,0.029388036720687523,0.12,1000
823,-9000.0,0.02934144524857402,0.128,1000
824,-9000.0,0.029378333686618133,0.122,1000
825,-9000.0,0.029361974061001092,0.113,1000
826,-9000.0,0.029374947267118843,0.099,1000
827,-9000.0,0.029375703944126145,0.134,1000
828,-9000.0,0.029397884250152856,0.124,1000
829,-9000.0,0.02936327483167406,0.118,1000
830,-9000.0,0.02948266195121687,0.102,1000
831,-9000.0,0.029395385804236868,0.104,1000
832,-9000.0,0.029397617500973864,0.124,1000
833,-9000.0,0.029322679333621635,0.124,1000
834,-9000.0,0.02931927783624269,0.112,1000
835,-9000.0,0.02933411604212597,0.136,1000
836,-9000.0,0.0294256088307593,0.117,1000
837,-9000.0,0.02939590570132714,0.137,1000
838,-9000.0,0.02947843636746984,0.126,1000
839,-9000.0,0.029428630229551344,0.113,1000
840,-9000.0,0.02946527027897537,0.119,1000
841,-9000.0,0.029400304596871138,0.118,1000
842,-9000.0,0.02943407107726671,0.123,1000
843,-9000.0,0.029393984396476298,0.125,1000
844,-9000.0,0.029449521004455165,0.119,1000
845,-9000.0,0.029379780962364748,0.125,1000
846,-9000.0,0.029405155774089507,0.111,1000
847,-9000.0,0.029416218564845623,0.106,1000
848,-9000.0,0.029465257241390645,0.106,1000
849,-9000.0,0.029461728004273026,0.119,1000
850,-9000.0,0.029501446616486647,0.132,1000
851,-9000.0,0.029448519211262465,0.134,1000
852,-9000.0,0.029482643408700823,0.13,1000
853,-9000.0,0.029471032733563333,0.118,1000
854,-9000.0,0.029444888993632047,0.113,1000
855,-9000.0,0.029466952196788042,0.12,1000
856,-9000.0,0.029470830171369016,0.135,1000
857,-9000.0,0.02939938311849255,0.129,1000
858,-9000.0,0.02949893539934419,0.118,1000
859,-9000.0,0.029397166694514452,0.117,1000
860,-9000.0,0.029495145198423417,0.128,1000
861,-9000.0,0.029494651689659805,0.125,1000
862,-9000.0,0.02947294850833714,0.128,1000
863,-9000.0,0.029436210807412863,0.124,1000
864,-9000.0,0.02940556433191523,0.114,1000
865,-9000.0,0.029461531155742706,0.12,1000
866,-9000.0,0.02949965871241875,0.124,1000
867,-9000.0,0.029492984652984888,0.117,1000
868,-9000.0,0.02957069692481309,0.114,1000
869,-9000.0,0.029478695677942597,0.14,1000
870,-9000.0,0.029635739319492132,0.103,1000
871,-9000.0,0.029532959329430016,0.118,1000
872,-9000.0,0.02968697304232046,0.139,1000
873,-9000.0,0.029567991418298335,0.103,1000
874,-9000.0,0.02953601634304505,0.126,1000
875,-9000.0,0.029652511105057785,0.135,1000
876,-9000.0,0.02964300763618667,0.138,1000
877,-9000.0,0.02958621122362092,0.145,1000
878,-9000.0,0.029691664414480328,0.13,1000
879,-9000.0,0.029611066703684626,0.102,1000
880,-9000.0,0.029648805964272468,0.114,1000
881,-9000.0,0.029570764914155008,0.139,1000
882,-9000.0,0.029628971682279372,0.126,1000
883,-9000.0,0.02960050298355054,0.109,1000
884,-9000.0,0.02962095022154972,0.124,1000
885,-9000.0,0.029683864752412775,0.118,1000
886,-9000.0,0.029695560878841207,0.111,1000
887,-9000.0,0.02968700759857893,0.12,1000
888,-9000.0,0.02969311311189085,0.126,1000
889,-9000.0,0.02973068848880939,0.115,1000
890,-9000.0,0.029804747055051848,0.121,1000
891,-9000.0,0.029775311803212388,0.126,1000
892,-9000.0,0.02977252990566194,0.11,1000
893,-9000.0,0.02973846928961575,0.131,1000
894,-9000.0,0.02975960346951615,0.134,1000
895,-9000.0,0.029699210857972502,0.123,1000
896,-9000.0,0.02983635521773249,0.11,1000
897,-9000.0,0.029783970633405262,0.123,1000
898,-9000.0,0.029782960657496006,0.093,1000
899,-9000.0,0.02974321909295395,0.128,1000
900,-9000.0,0.029768687305040658,0.125,1000
901,-9000.0,0.02969421625789255,0.117,1000
902,-9000.0,0.02967832663701847,0.121,1000
903,-9000.0,0.029616878483211623,0.12,1000
904,-9000.0,0.02962019456597045,0.143,1000
905,-9000.0,0.029611507414956578,0.121,1000
906,-9000.0,0.02958080558932852,0.115,1000
907,-9000.0,0.029615545637207107,0.14,1000
908,-9000.0,0.029736470125149937,0.135,1000
909,-9000.0,0.029632153841434045,0.104,1000
910,-9000.0,0.02969272141158581,0.123,1000
911,-9000.0,0.029620442541548983,0.117,1000
912,-9000.0,0.029643372532445936,0.124,1000
913,-9000.0,0.029662431525299324,0.127,1000
914,-9000.0,0.029667323059402406,0.102,1000
915,-9000.0,0.029639262701384724,0.124,1000
916,-9000.0,0.0296379158727359,0.099,1000
917,-9000.0,0.029588251838227733,0.123,1000
918,-9000.0,0.029585191335529087,0.115,1000
919,-9000.0,0.02960070834122598,0.125,1000
920,-9000.0,0.02964605993544683,0.125,1000
921,-9000.0,0.029585373896406964,0.112,1000
922,-9000.0,0.029560859228251503,0.122,1000
923,-9000.0,0.029635255452478304,0.107,1000
924,-9000.0,0.02967168584628962,0.112,1000
925,-9000.0,0.029628129191696644,0.122,1000
926,-9000.0,0.029672368039144203,0.116,1000
927,-9000.0,0.029618083823705094,0.117,1000
928,-9000.0,0.029686533415457232,0.126,1000
929,-9000.0,0.029675178948789835,0.114,1000
930,-9000.0,0.029715175711084157,0.106,1000
931,-9000.0,0.02966110436199233,0.105,1000
932,-9000.0,0.029672679527429864,0.125,1000
933,-9000.0,0.02964045845507644,0.108,1000
934,-9000.0,0.029633155887713657,0.129,1000
935,-9000.0,0.02962884099734947,0.113,1000
936,-9000.0,0.029701719221891836,0.117,1000
937,-9000.0,0.029751301990123467,0.124,1000
938,-9000.0,0.029749516426352783,0.129,1000
939,-9000.0,0.029767189928796144,0.145,1000
940,-9000.0,0.029803808888420463,0.135,1000
941,-9000.0,0.029629578372696416,0.125,1000
942,-9000.0,0.029751309521961956,0.119,1000
943,-9000.0,0.02969975593802519,0.113,1000
944,-9000.0,0.02972890610503964,0.121,1000
945,-9000.0,0.029758436840493233,0.096,1000
946,-9000.0,0.029773783118696884,0.128,1000
947,-9000.0,0.029650348526891322,0.115,1000
948,-9000.0,0.029786196251166984,0.134,1000
949,-9000.0,0.02967781754932366,0.125,1000
950,-9000.0,0.029759485455579125,0.128,1000
951,-9000.0,0.02968810553709045,0.113,1000
952,-9000.0,0.029716297189472243,0.116,1000
953,-9000.0,0.029838943131966517,0.114,1000
954,-9000.0,0.029805915667675435,0.119,1000
955,-9000.0,0.029772890174062924,0.134,1000
956,-9000.0,0.029824337587924674,0.117,1000
957,-9000.0,0.029815321587957442,0.111,1000
958,-9000.0,0.029777354800375178,0.13,1000
959,-9000.0,0.02965735560376197,0.123,1000
960,-9000.0,0.029749876197194682,0.113,1000
961,-9000.0,0.029651631399290636,0.107,1000
962,-9000.0,0.02970262755919248,0.114,1000
963,-9000.0,0.02964655819372274,0.119,1000
964,-9000.0,0.02966928952676244,0.125,1000
965,-9000.0,0.029705978562356905,0.147,1000
966,-9000.0,0.029679949323879556,0.113,1000
967,-9000.0,0.029674639324774033,0.115,1000
968,-9000.0,0.02977866531384643,0.109,1000
969,-9000.0,0.02973702813894488,0.116,1000
970,-9000.0,0.029792645388748498,0.134,1000
971,-9000.0,0.02971857641171664,0.13,1000
972,-9000.0,0.029689919547061436,0.126,1000
973,-9000.0,0.029703625936061143,0.128,1000
974,-9000.0,0.029721022080397234,0.121,1000
975,-9000.0,0.02969827810744755,0.137,1000
976,-9000.0,0.029696985297137872,0.126,1000
977,-9000.0,0.02971731283387635,0.138,1000
978,-9000.0,0.029680812786566094,0.122,1000
979,-9000.0,0.029722802413161845,0.11,1000
980,-9000.0,0.029706773531856016,0.137,1000
981,-9000.0,0.029626802859129383,0.134,1000
982,-9000.0,0.029648169598542155,0.111,1000
983,-9000.0,0.029711453711031937,0.107,1000
984,-9000.0,0.02970149313053116,0.118,1000
985,-9000.0,0.029724999097990805,0.109,1000
986,-9000.0,0.029675902920542285,0.141,1000
987,-9000.0,0.0296194386605639,0.112,1000
988,-9000.0,0.02970982802240178,0.136,1000
989,-9000.0,0.029724368084338492,0.131,1000
990,-9000.0,0.02976746180851478,0.118,1000
991,-9000.0,0.029686818074667828,0.108,1000
992,-9000.0,0.029753257448319345,0.126,1000
993,-9000.0,0.02960151898523327,0.129,1000
994,-9000.0,0.029676020574988797,0.13,1000
995,-9000.0,0.029739813272375612,0.127,1000
996,-9000.0,0.029727060006232934,0.116,1000
997,-9000.0,0.029620828496059404,0.122,1000
998,-9000.0,0.029780548229580744,0.112,1000
999,-9000.0,0.02968600494391285,0.11,1000
